{"cameraMode":{"drawMode":0,"name":"Shaded","section":"Shading Mode"},"sceneLighting":false,"audioPlay":false,"sceneViewState":{"m_AlwaysRefresh":false,"showFog":true,"showSkybox":false,"showFlares":true,"showImageEffects":true,"showParticleSystems":true,"showVisualEffectGraphs":true,"m_FxEnabled":true},"in2DMode":false,"pivot":{"x":0.00021529197692871094,"y":-0.3999999761581421,"z":0.00048422813415527344},"rotation":{"x":-0.5639230608940125,"y":0.0012155184522271157,"z":-0.0008648359798826277,"w":-0.8258823752403259},"size":7.089217185974121,"orthographic":false}