{"cameraMode":{"drawMode":0,"name":"Shaded","section":"Shading Mode"},"sceneLighting":false,"audioPlay":false,"sceneViewState":{"m_AlwaysRefresh":false,"showFog":true,"showSkybox":false,"showFlares":true,"showImageEffects":true,"showParticleSystems":true,"showVisualEffectGraphs":true,"m_FxEnabled":true},"in2DMode":false,"pivot":{"x":0.47970712184906008,"y":3.136911630630493,"z":0.22418200969696046},"rotation":{"x":0.057987380772829059,"y":0.645922064781189,"z":-0.049323659390211108,"w":0.7596221566200256},"size":4.362029075622559,"orthographic":false}